{
  "felt": {
    "x": 29.53125,
    "y": 129.703125,
    "w": 330.9375,
    "h": 376.375
  },
  "middle": {
    "x": 32.4375,
    "y": 208.15625,
    "w": 325.125,
    "h": 161.140625
  },
  "center": {
    "x": 70.921875,
    "y": 208.15625,
    "w": 248.140625,
    "h": 161.140625
  },
  "centerTrick": {
    "x": 74.15625,
    "y": 278.453125,
    "w": 241.671875,
    "h": 77.5625
  },
  "human": {
    "x": 32.4375,
    "y": 370.5625,
    "w": 325.125,
    "h": 132.609375
  },
  "centerEmpty": {
    "x": 148.015625,
    "y": 311.28125,
    "w": 93.9375,
    "h": 11.90625
  },
  "topSeats": [
    {
      "cls": "brisca-mobile-seat seat-slot-top seat-rival",
      "x": 136.734375,
      "y": 132.609375,
      "w": 57.625,
      "h": 74.28125,
      "text": "IA 1RivalPuntos: 0"
    }
  ],
  "sideSeats": [
    {
      "cls": "brisca-mobile-seat seat-slot-left seat-rival",
      "x": 32.4375,
      "y": 246.359375,
      "w": 37.21875,
      "h": 84.734375,
      "text": "IA 2RivalPuntos: 0"
    },
    {
      "cls": "brisca-mobile-seat seat-slot-right seat-rival",
      "x": 320.328125,
      "y": 246.359375,
      "w": 37.234375,
      "h": 84.734375,
      "text": "IA 3RivalPuntos: 0"
    }
  ],
  "playerCards": [
    {
      "cls": "brisca-card compact image-card suit-black playable",
      "x": 129.765625,
      "y": 436.296875,
      "w": 42,
      "h": 63.640625,
      "text": ""
    },
    {
      "cls": "brisca-card compact image-card suit-black playable",
      "x": 174,
      "y": 436.296875,
      "w": 42,
      "h": 63.640625,
      "text": ""
    },
    {
      "cls": "brisca-card compact image-card suit-black playable",
      "x": 218.234375,
      "y": 436.296875,
      "w": 42,
      "h": 63.640625,
      "text": ""
    }
  ]
}