{
  "missionBox": {
    "x": 12,
    "y": 88,
    "width": 366,
    "height": 118.625,
    "top": 88,
    "right": 378,
    "bottom": 206.625,
    "left": 12
  },
  "rareBox": {
    "x": 51,
    "y": 71.80000305175781,
    "width": 288,
    "height": 68.40000915527344,
    "top": 71.80000305175781,
    "right": 339,
    "bottom": 140.20001220703125,
    "left": 51
  },
  "viewport": {
    "width": 390,
    "height": 664
  }
}