{
  "mode": "levelSelect",
  "shell": {
    "x": 18.90625,
    "y": 119.40625,
    "w": 352.1875,
    "h": 0,
    "scrollHeight": 213,
    "clientHeight": 0
  },
  "overlay": {
    "x": 19.90625,
    "y": 134.796875,
    "w": 350.1875,
    "h": 196.96875,
    "scrollHeight": 197,
    "clientHeight": 197
  },
  "card": {
    "x": 32.703125,
    "y": 147.59375,
    "w": 324.59375,
    "h": 171.375,
    "scrollHeight": 169,
    "clientHeight": 169
  },
  "head": {
    "x": 48.09375,
    "y": 162.984375,
    "w": 293.8125,
    "h": 32.34375,
    "scrollHeight": 32,
    "clientHeight": 32
  },
  "grid": {
    "x": 48.09375,
    "y": 204.125,
    "w": 293.8125,
    "h": 99.453125,
    "scrollHeight": 8934,
    "clientHeight": 99
  },
  "stageWrap": {
    "x": 18.90625,
    "y": 133.796875,
    "w": 352.1875,
    "h": 198.96875,
    "scrollHeight": 199,
    "clientHeight": 199
  },
  "canvasShell": {
    "x": 18.90625,
    "y": 133.796875,
    "w": 352.1875,
    "h": 198.96875,
    "scrollHeight": 197,
    "clientHeight": 197
  }
}