{
  "mode": "levelSelect",
  "shell": {
    "x": 18.90625,
    "y": 119.40625,
    "w": 352.1875,
    "h": 0,
    "scrollHeight": 210,
    "clientHeight": 0
  },
  "overlay": {
    "x": 34.015625,
    "y": 134.515625,
    "w": 321.96875,
    "h": 180.21875,
    "scrollHeight": 180,
    "clientHeight": 180
  },
  "card": {
    "x": 50.015625,
    "y": 154.515625,
    "w": 289.96875,
    "h": 140.21875,
    "scrollHeight": 138,
    "clientHeight": 138
  },
  "head": {
    "x": 67.8125,
    "y": 171.515625,
    "w": 254.375,
    "h": 70.859375,
    "scrollHeight": 71,
    "clientHeight": 71
  },
  "grid": {
    "x": 67.8125,
    "y": 253.25,
    "w": 254.375,
    "h": 24.484375,
    "scrollHeight": 4529,
    "clientHeight": 24
  },
  "stageWrap": {
    "x": 18.90625,
    "y": 119.40625,
    "w": 352.1875,
    "h": 210.4375,
    "scrollHeight": 208,
    "clientHeight": 208
  },
  "canvasShell": {
    "x": 33.015625,
    "y": 133.515625,
    "w": 323.96875,
    "h": 182.21875,
    "scrollHeight": 181,
    "clientHeight": 180
  }
}